{"cameraMode":{"drawMode":0,"name":"Shaded","section":"Shading Mode"},"sceneLighting":true,"audioPlay":false,"sceneViewState":{"showFog":true,"showMaterialUpdate":false,"showSkybox":true,"showFlares":true,"showImageEffects":true,"showParticleSystems":true},"in2DMode":false,"pivot":{"x":-5.7230000495910648,"y":2.3359999656677248,"z":4.7729997634887699},"rotation":{"x":-0.1563628911972046,"y":-0.7002827525138855,"z":0.1616126149892807,"w":-0.6775413751602173},"size":117.3110580444336,"orthographic":false}