{"cameraMode":{"drawMode":0,"name":"Shaded","section":"Shading Mode"},"sceneLighting":false,"audioPlay":false,"sceneViewState":{"showFog":true,"showMaterialUpdate":false,"showSkybox":false,"showFlares":true,"showImageEffects":true,"showParticleSystems":true},"in2DMode":false,"pivot":{"x":0.5200004577636719,"y":3.3726930618286135,"z":0.5200004577636719},"rotation":{"x":-0.1563628911972046,"y":-0.7002827525138855,"z":0.1616126149892807,"w":-0.6775413751602173},"size":39.00419998168945,"orthographic":false}