{"cameraMode":{"drawMode":0,"name":"Shaded","section":"Shading Mode"},"sceneLighting":false,"audioPlay":false,"sceneViewState":{"showFog":true,"showMaterialUpdate":false,"showSkybox":true,"showFlares":true,"showImageEffects":true,"showParticleSystems":true},"in2DMode":false,"pivot":{"x":313.0000305175781,"y":175.99996948242188,"z":0.0},"rotation":{"x":-0.06323572248220444,"y":-0.032016441226005557,"z":0.0020343863870948555,"w":-0.9974974393844605},"size":153.22445678710938,"orthographic":false}